AP,AP50,AP75,APu,APvt,APt,APs,APm,APl,AR500,ARu,ARvt,ARt,ARs,ARm,ARl
18.10629190136129,46.901137497020684,9.36565223400271,-100.0,51.418276931375495,17.384837310293662,-100.0,-100.0,-100.0,63.410094268904125,-100.0,63.34867197393984,73.79467814174058,-100.0,-100.0,-100.0
