AP,AP50,AP75,APu,APvt,APt,APs,APm,APl,AR500,ARu,ARvt,ARt,ARs,ARm,ARl
18.12103349652825,46.88595974561729,9.219397363253782,-100.0,51.45694182654027,16.06677186159589,-100.0,-100.0,-100.0,63.77221140195171,-100.0,63.72592661607849,73.3511899534557,-100.0,-100.0,-100.0
