AP,AP50,AP75,APu,APvt,APt,APs,APm,APl,AR500,ARu,ARvt,ARt,ARs,ARm,ARl
18.55648053551448,45.863176666188274,11.11061950570283,-100.0,50.43209726533694,13.9759764293159,-100.0,-100.0,-100.0,64.69298728021266,-100.0,64.71293104340714,71.43672609115657,-100.0,-100.0,-100.0
