AP,AP50,AP75,APu,APvt,APt,APs,APm,APl,AR500,ARu,ARvt,ARt,ARs,ARm,ARl
18.78855414405462,46.92385449196886,11.185922091193648,-100.0,51.33716466395962,14.556336046514147,-100.0,-100.0,-100.0,66.14526311870843,-100.0,66.20711133195994,70.85272679371212,-100.0,-100.0,-100.0
