AP,AP50,AP75,APu,APvt,APt,APs,APm,APl,AR1,AR10,AR100,ARu,ARvt,ARt,ARs,ARm,ARl
50.43568881646192,83.89531344724466,53.85243049562168,-100.0,33.19398152557393,46.775804902026316,59.15631702560521,39.46407080221828,65.14353296960587,25.996178029778644,59.255796375780236,59.26548629826086,-100.0,39.90772676442802,57.9776850069379,67.23339624301782,44.37405910489973,67.60058842239187
